{"Zp0rsDgUla+dXKbmIeQOgg==":"mbr-96x64.jpg","QPyipACByv+duVKsHqgdlQ==":"mbr-144x97.jpg","nxItUd1Yo2cCTdupunHFEA==":"uuuu-1024x512.jpg","/mqIwzZrpJVQF2C+IaoHRA==":"rain-barrel-my1bmt8v6m4y3h38icadn86puplui3au3xptv0jzwg-240x320.jpg","li5uaFCOjb/jvDgB/293dQ==":"dry-system-my1bmt8wn8np8veffpklofvqfzanq6sor5vpso17kc-360x270.jpg","RVxhS1gswN1SzumpwyB8IA==":"wet-system-my1bmt8wn8ojxreuxtlah3mr0qyyn0rgne4gu3to4o-360x420.jpg","Nh8nSs2jp3qwxAyTK6ilOg==":"water-efficiency-trend.gif","iZWF6xpNJNRt/AbYkQwgGw==":"iws-tank-diagram-800x798.jpg","3IQYD6XDh112fyCWAVORWg==":"iws-tank-diagram-800x798.jpeg","Y5NK1YMi0N3ujBZUBlJwhA==":"iws-tank-diagram-1-800x798.jpeg","oxHqLzMeFvuCE9s/7onulw==":"gallery6.jpg","cVAM3yrZvRW02FD7QbuXoQ==":"pexels-chavdar-lungov-3996433%20(1)-770x513.jpg","9ZYaUsQjLpG53YB745i5lA==":"whatsapp%20image%202024-03-08%20at%208.57.46%20pm-288x288.jpg","VrRM4WwM/lc64SlqJj/uoQ==":"whatsapp%20image%202024-03-08%20at%209.01.33%20pm-147x180.jpg","rZ6zzjbXWBTxGVcffk19WA==":"whatsapp%20image%202024-03-08%20at%209.19.58%20pm-465x279.jpg","+vmAuqFpY8N9k33vqvegHQ==":"homi_k._bhabha-cropd-902x1004.jpg","M6dGQbpVakhVA1gK7ExoJQ==":"download%20(2)-203x249.jpg","SCwARx1d988kE+GGaxQKrQ==":"download%20(3)-225x225.jpg"}